method,eps,property_id,keys,max_err
bbsolver,0.5,fbx:Armature:pose_bone:mixamorig:Head:rotation,27,0.488616
bbsolver,0.5,fbx:Armature:pose_bone:mixamorig:Head:scale,1,0.0
bbsolver,0.5,fbx:Armature:pose_bone:mixamorig:Hips:location,61,0.487636
bbsolver,0.5,fbx:Armature:pose_bone:mixamorig:Hips:rotation,30,0.484702
bbsolver,0.5,fbx:Armature:pose_bone:mixamorig:Hips:scale,1,0.0
bbsolver,0.5,fbx:Armature:pose_bone:mixamorig:LeftArm:rotation,39,0.482574
bbsolver,0.5,fbx:Armature:pose_bone:mixamorig:LeftArm:scale,1,0.0
bbsolver,0.5,fbx:Armature:pose_bone:mixamorig:LeftFoot:rotation,29,0.49073
bbsolver,0.5,fbx:Armature:pose_bone:mixamorig:LeftFoot:scale,1,0.0
bbsolver,0.5,fbx:Armature:pose_bone:mixamorig:LeftForeArm:rotation,38,0.488564
bbsolver,0.5,fbx:Armature:pose_bone:mixamorig:LeftForeArm:scale,1,0.0
bbsolver,0.5,fbx:Armature:pose_bone:mixamorig:LeftHand:rotation,51,0.494049
bbsolver,0.5,fbx:Armature:pose_bone:mixamorig:LeftHand:scale,1,0.0
bbsolver,0.5,fbx:Armature:pose_bone:mixamorig:LeftLeg:rotation,34,0.472635
bbsolver,0.5,fbx:Armature:pose_bone:mixamorig:LeftLeg:scale,1,0.0
bbsolver,0.5,fbx:Armature:pose_bone:mixamorig:LeftShoulder:rotation,23,0.480263
bbsolver,0.5,fbx:Armature:pose_bone:mixamorig:LeftShoulder:scale,1,0.0
bbsolver,0.5,fbx:Armature:pose_bone:mixamorig:LeftToeBase:rotation,9,0.474255
bbsolver,0.5,fbx:Armature:pose_bone:mixamorig:LeftToeBase:scale,1,0.0
bbsolver,0.5,fbx:Armature:pose_bone:mixamorig:LeftUpLeg:rotation,22,0.448167
bbsolver,0.5,fbx:Armature:pose_bone:mixamorig:LeftUpLeg:scale,1,0.0
bbsolver,0.5,fbx:Armature:pose_bone:mixamorig:Neck:rotation,24,0.489158
bbsolver,0.5,fbx:Armature:pose_bone:mixamorig:Neck:scale,1,0.0
bbsolver,0.5,fbx:Armature:pose_bone:mixamorig:RightArm:rotation,73,0.488049
bbsolver,0.5,fbx:Armature:pose_bone:mixamorig:RightArm:scale,1,0.0
bbsolver,0.5,fbx:Armature:pose_bone:mixamorig:RightFoot:rotation,34,0.485967
bbsolver,0.5,fbx:Armature:pose_bone:mixamorig:RightFoot:scale,1,0.0
bbsolver,0.5,fbx:Armature:pose_bone:mixamorig:RightForeArm:rotation,98,0.484958
bbsolver,0.5,fbx:Armature:pose_bone:mixamorig:RightForeArm:scale,1,0.0
bbsolver,0.5,fbx:Armature:pose_bone:mixamorig:RightHand:rotation,80,0.48999
bbsolver,0.5,fbx:Armature:pose_bone:mixamorig:RightHand:scale,1,0.0
bbsolver,0.5,fbx:Armature:pose_bone:mixamorig:RightLeg:rotation,36,0.491726
bbsolver,0.5,fbx:Armature:pose_bone:mixamorig:RightLeg:scale,1,0.0
bbsolver,0.5,fbx:Armature:pose_bone:mixamorig:RightShoulder:rotation,44,0.488821
bbsolver,0.5,fbx:Armature:pose_bone:mixamorig:RightShoulder:scale,1,0.0
bbsolver,0.5,fbx:Armature:pose_bone:mixamorig:RightToeBase:rotation,11,0.446712
bbsolver,0.5,fbx:Armature:pose_bone:mixamorig:RightToeBase:scale,1,0.0
bbsolver,0.5,fbx:Armature:pose_bone:mixamorig:RightUpLeg:rotation,20,0.462673
bbsolver,0.5,fbx:Armature:pose_bone:mixamorig:RightUpLeg:scale,1,0.0
bbsolver,0.5,fbx:Armature:pose_bone:mixamorig:Spine:rotation,20,0.483144
bbsolver,0.5,fbx:Armature:pose_bone:mixamorig:Spine:scale,1,0.0
bbsolver,0.5,fbx:Armature:pose_bone:mixamorig:Spine1:rotation,26,0.465532
bbsolver,0.5,fbx:Armature:pose_bone:mixamorig:Spine1:scale,1,0.0
bbsolver,0.5,fbx:Armature:pose_bone:mixamorig:Spine2:rotation,12,0.447074
bbsolver,0.5,fbx:Armature:pose_bone:mixamorig:Spine2:scale,1,0.0
bbsolver,1.0,fbx:Armature:pose_bone:mixamorig:Head:rotation,18,0.894151
bbsolver,1.0,fbx:Armature:pose_bone:mixamorig:Head:scale,1,0.0
bbsolver,1.0,fbx:Armature:pose_bone:mixamorig:Hips:location,29,0.906994
bbsolver,1.0,fbx:Armature:pose_bone:mixamorig:Hips:rotation,16,0.87592
bbsolver,1.0,fbx:Armature:pose_bone:mixamorig:Hips:scale,1,0.0
bbsolver,1.0,fbx:Armature:pose_bone:mixamorig:LeftArm:rotation,22,0.925102
bbsolver,1.0,fbx:Armature:pose_bone:mixamorig:LeftArm:scale,1,0.0
bbsolver,1.0,fbx:Armature:pose_bone:mixamorig:LeftFoot:rotation,14,0.955515
bbsolver,1.0,fbx:Armature:pose_bone:mixamorig:LeftFoot:scale,1,0.0
bbsolver,1.0,fbx:Armature:pose_bone:mixamorig:LeftForeArm:rotation,18,0.972244
bbsolver,1.0,fbx:Armature:pose_bone:mixamorig:LeftForeArm:scale,1,0.0
bbsolver,1.0,fbx:Armature:pose_bone:mixamorig:LeftHand:rotation,26,0.963114
bbsolver,1.0,fbx:Armature:pose_bone:mixamorig:LeftHand:scale,1,0.0
bbsolver,1.0,fbx:Armature:pose_bone:mixamorig:LeftLeg:rotation,18,0.929865
bbsolver,1.0,fbx:Armature:pose_bone:mixamorig:LeftLeg:scale,1,0.0
bbsolver,1.0,fbx:Armature:pose_bone:mixamorig:LeftShoulder:rotation,11,0.865699
bbsolver,1.0,fbx:Armature:pose_bone:mixamorig:LeftShoulder:scale,1,0.0
bbsolver,1.0,fbx:Armature:pose_bone:mixamorig:LeftToeBase:rotation,4,0.949587
bbsolver,1.0,fbx:Armature:pose_bone:mixamorig:LeftToeBase:scale,1,0.0
bbsolver,1.0,fbx:Armature:pose_bone:mixamorig:LeftUpLeg:rotation,10,0.963516
bbsolver,1.0,fbx:Armature:pose_bone:mixamorig:LeftUpLeg:scale,1,0.0
bbsolver,1.0,fbx:Armature:pose_bone:mixamorig:Neck:rotation,15,0.943345
bbsolver,1.0,fbx:Armature:pose_bone:mixamorig:Neck:scale,1,0.0
bbsolver,1.0,fbx:Armature:pose_bone:mixamorig:RightArm:rotation,49,0.988298
bbsolver,1.0,fbx:Armature:pose_bone:mixamorig:RightArm:scale,1,0.0
bbsolver,1.0,fbx:Armature:pose_bone:mixamorig:RightFoot:rotation,16,0.987018
bbsolver,1.0,fbx:Armature:pose_bone:mixamorig:RightFoot:scale,1,0.0
bbsolver,1.0,fbx:Armature:pose_bone:mixamorig:RightForeArm:rotation,66,0.952948
bbsolver,1.0,fbx:Armature:pose_bone:mixamorig:RightForeArm:scale,1,0.0
bbsolver,1.0,fbx:Armature:pose_bone:mixamorig:RightHand:rotation,45,0.989601
bbsolver,1.0,fbx:Armature:pose_bone:mixamorig:RightHand:scale,1,0.0
bbsolver,1.0,fbx:Armature:pose_bone:mixamorig:RightLeg:rotation,19,0.98693
bbsolver,1.0,fbx:Armature:pose_bone:mixamorig:RightLeg:scale,1,0.0
bbsolver,1.0,fbx:Armature:pose_bone:mixamorig:RightShoulder:rotation,28,0.943527
bbsolver,1.0,fbx:Armature:pose_bone:mixamorig:RightShoulder:scale,1,0.0
bbsolver,1.0,fbx:Armature:pose_bone:mixamorig:RightToeBase:rotation,5,0.784876
bbsolver,1.0,fbx:Armature:pose_bone:mixamorig:RightToeBase:scale,1,0.0
bbsolver,1.0,fbx:Armature:pose_bone:mixamorig:RightUpLeg:rotation,12,0.902317
bbsolver,1.0,fbx:Armature:pose_bone:mixamorig:RightUpLeg:scale,1,0.0
bbsolver,1.0,fbx:Armature:pose_bone:mixamorig:Spine:rotation,11,0.965699
bbsolver,1.0,fbx:Armature:pose_bone:mixamorig:Spine:scale,1,0.0
bbsolver,1.0,fbx:Armature:pose_bone:mixamorig:Spine1:rotation,12,0.920667
bbsolver,1.0,fbx:Armature:pose_bone:mixamorig:Spine1:scale,1,0.0
bbsolver,1.0,fbx:Armature:pose_bone:mixamorig:Spine2:rotation,5,0.854875
bbsolver,1.0,fbx:Armature:pose_bone:mixamorig:Spine2:scale,1,0.0
bbsolver,2.0,fbx:Armature:pose_bone:mixamorig:Head:rotation,12,1.811324
bbsolver,2.0,fbx:Armature:pose_bone:mixamorig:Head:scale,1,0.0
bbsolver,2.0,fbx:Armature:pose_bone:mixamorig:Hips:location,14,1.968862
bbsolver,2.0,fbx:Armature:pose_bone:mixamorig:Hips:rotation,6,1.888583
bbsolver,2.0,fbx:Armature:pose_bone:mixamorig:Hips:scale,1,0.0
bbsolver,2.0,fbx:Armature:pose_bone:mixamorig:LeftArm:rotation,12,1.624394
bbsolver,2.0,fbx:Armature:pose_bone:mixamorig:LeftArm:scale,1,0.0
bbsolver,2.0,fbx:Armature:pose_bone:mixamorig:LeftFoot:rotation,6,1.940221
bbsolver,2.0,fbx:Armature:pose_bone:mixamorig:LeftFoot:scale,1,0.0
bbsolver,2.0,fbx:Armature:pose_bone:mixamorig:LeftForeArm:rotation,11,1.79773
bbsolver,2.0,fbx:Armature:pose_bone:mixamorig:LeftForeArm:scale,1,0.0
bbsolver,2.0,fbx:Armature:pose_bone:mixamorig:LeftHand:rotation,11,1.843122
bbsolver,2.0,fbx:Armature:pose_bone:mixamorig:LeftHand:scale,1,0.0
bbsolver,2.0,fbx:Armature:pose_bone:mixamorig:LeftLeg:rotation,11,1.850631
bbsolver,2.0,fbx:Armature:pose_bone:mixamorig:LeftLeg:scale,1,0.0
bbsolver,2.0,fbx:Armature:pose_bone:mixamorig:LeftShoulder:rotation,6,1.783646
bbsolver,2.0,fbx:Armature:pose_bone:mixamorig:LeftShoulder:scale,1,0.0
bbsolver,2.0,fbx:Armature:pose_bone:mixamorig:LeftToeBase:rotation,1,0.0
bbsolver,2.0,fbx:Armature:pose_bone:mixamorig:LeftToeBase:scale,1,0.0
bbsolver,2.0,fbx:Armature:pose_bone:mixamorig:LeftUpLeg:rotation,5,1.837061
bbsolver,2.0,fbx:Armature:pose_bone:mixamorig:LeftUpLeg:scale,1,0.0
bbsolver,2.0,fbx:Armature:pose_bone:mixamorig:Neck:rotation,9,1.74026
bbsolver,2.0,fbx:Armature:pose_bone:mixamorig:Neck:scale,1,0.0
bbsolver,2.0,fbx:Armature:pose_bone:mixamorig:RightArm:rotation,33,1.890583
bbsolver,2.0,fbx:Armature:pose_bone:mixamorig:RightArm:scale,1,0.0
bbsolver,2.0,fbx:Armature:pose_bone:mixamorig:RightFoot:rotation,9,1.575623
bbsolver,2.0,fbx:Armature:pose_bone:mixamorig:RightFoot:scale,1,0.0
bbsolver,2.0,fbx:Armature:pose_bone:mixamorig:RightForeArm:rotation,44,1.975391
bbsolver,2.0,fbx:Armature:pose_bone:mixamorig:RightForeArm:scale,1,0.0
bbsolver,2.0,fbx:Armature:pose_bone:mixamorig:RightHand:rotation,31,1.918448
bbsolver,2.0,fbx:Armature:pose_bone:mixamorig:RightHand:scale,1,0.0
bbsolver,2.0,fbx:Armature:pose_bone:mixamorig:RightLeg:rotation,13,1.843118
bbsolver,2.0,fbx:Armature:pose_bone:mixamorig:RightLeg:scale,1,0.0
bbsolver,2.0,fbx:Armature:pose_bone:mixamorig:RightShoulder:rotation,14,1.949195
bbsolver,2.0,fbx:Armature:pose_bone:mixamorig:RightShoulder:scale,1,0.0
bbsolver,2.0,fbx:Armature:pose_bone:mixamorig:RightToeBase:rotation,1,0.0
bbsolver,2.0,fbx:Armature:pose_bone:mixamorig:RightToeBase:scale,1,0.0
bbsolver,2.0,fbx:Armature:pose_bone:mixamorig:RightUpLeg:rotation,5,1.884862
bbsolver,2.0,fbx:Armature:pose_bone:mixamorig:RightUpLeg:scale,1,0.0
bbsolver,2.0,fbx:Armature:pose_bone:mixamorig:Spine:rotation,6,1.975079
bbsolver,2.0,fbx:Armature:pose_bone:mixamorig:Spine:scale,1,0.0
bbsolver,2.0,fbx:Armature:pose_bone:mixamorig:Spine1:rotation,6,1.963421
bbsolver,2.0,fbx:Armature:pose_bone:mixamorig:Spine1:scale,1,0.0
bbsolver,2.0,fbx:Armature:pose_bone:mixamorig:Spine2:rotation,2,1.89382
bbsolver,2.0,fbx:Armature:pose_bone:mixamorig:Spine2:scale,1,0.0
bbsolver,3.0,fbx:Armature:pose_bone:mixamorig:Head:rotation,7,2.737582
bbsolver,3.0,fbx:Armature:pose_bone:mixamorig:Head:scale,1,0.0
bbsolver,3.0,fbx:Armature:pose_bone:mixamorig:Hips:location,9,2.871959
bbsolver,3.0,fbx:Armature:pose_bone:mixamorig:Hips:rotation,5,2.736406
bbsolver,3.0,fbx:Armature:pose_bone:mixamorig:Hips:scale,1,0.0
bbsolver,3.0,fbx:Armature:pose_bone:mixamorig:LeftArm:rotation,10,2.425873
bbsolver,3.0,fbx:Armature:pose_bone:mixamorig:LeftArm:scale,1,0.0
bbsolver,3.0,fbx:Armature:pose_bone:mixamorig:LeftFoot:rotation,4,2.892632
bbsolver,3.0,fbx:Armature:pose_bone:mixamorig:LeftFoot:scale,1,0.0
bbsolver,3.0,fbx:Armature:pose_bone:mixamorig:LeftForeArm:rotation,8,2.42274
bbsolver,3.0,fbx:Armature:pose_bone:mixamorig:LeftForeArm:scale,1,0.0
bbsolver,3.0,fbx:Armature:pose_bone:mixamorig:LeftHand:rotation,7,2.766691
bbsolver,3.0,fbx:Armature:pose_bone:mixamorig:LeftHand:scale,1,0.0
bbsolver,3.0,fbx:Armature:pose_bone:mixamorig:LeftLeg:rotation,7,2.52414
bbsolver,3.0,fbx:Armature:pose_bone:mixamorig:LeftLeg:scale,1,0.0
bbsolver,3.0,fbx:Armature:pose_bone:mixamorig:LeftShoulder:rotation,5,2.171106
bbsolver,3.0,fbx:Armature:pose_bone:mixamorig:LeftShoulder:scale,1,0.0
bbsolver,3.0,fbx:Armature:pose_bone:mixamorig:LeftToeBase:rotation,1,0.0
bbsolver,3.0,fbx:Armature:pose_bone:mixamorig:LeftToeBase:scale,1,0.0
bbsolver,3.0,fbx:Armature:pose_bone:mixamorig:LeftUpLeg:rotation,4,2.428694
bbsolver,3.0,fbx:Armature:pose_bone:mixamorig:LeftUpLeg:scale,1,0.0
bbsolver,3.0,fbx:Armature:pose_bone:mixamorig:Neck:rotation,7,2.695783
bbsolver,3.0,fbx:Armature:pose_bone:mixamorig:Neck:scale,1,0.0
bbsolver,3.0,fbx:Armature:pose_bone:mixamorig:RightArm:rotation,24,2.913293
bbsolver,3.0,fbx:Armature:pose_bone:mixamorig:RightArm:scale,1,0.0
bbsolver,3.0,fbx:Armature:pose_bone:mixamorig:RightFoot:rotation,5,2.63904
bbsolver,3.0,fbx:Armature:pose_bone:mixamorig:RightFoot:scale,1,0.0
bbsolver,3.0,fbx:Armature:pose_bone:mixamorig:RightForeArm:rotation,33,2.912791
bbsolver,3.0,fbx:Armature:pose_bone:mixamorig:RightForeArm:scale,1,0.0
bbsolver,3.0,fbx:Armature:pose_bone:mixamorig:RightHand:rotation,20,2.835189
bbsolver,3.0,fbx:Armature:pose_bone:mixamorig:RightHand:scale,1,0.0
bbsolver,3.0,fbx:Armature:pose_bone:mixamorig:RightLeg:rotation,8,2.889814
bbsolver,3.0,fbx:Armature:pose_bone:mixamorig:RightLeg:scale,1,0.0
bbsolver,3.0,fbx:Armature:pose_bone:mixamorig:RightShoulder:rotation,13,2.22443
bbsolver,3.0,fbx:Armature:pose_bone:mixamorig:RightShoulder:scale,1,0.0
bbsolver,3.0,fbx:Armature:pose_bone:mixamorig:RightToeBase:rotation,1,0.0
bbsolver,3.0,fbx:Armature:pose_bone:mixamorig:RightToeBase:scale,1,0.0
bbsolver,3.0,fbx:Armature:pose_bone:mixamorig:RightUpLeg:rotation,4,2.294486
bbsolver,3.0,fbx:Armature:pose_bone:mixamorig:RightUpLeg:scale,1,0.0
bbsolver,3.0,fbx:Armature:pose_bone:mixamorig:Spine:rotation,4,2.465384
bbsolver,3.0,fbx:Armature:pose_bone:mixamorig:Spine:scale,1,0.0
bbsolver,3.0,fbx:Armature:pose_bone:mixamorig:Spine1:rotation,4,2.78959
bbsolver,3.0,fbx:Armature:pose_bone:mixamorig:Spine1:scale,1,0.0
bbsolver,3.0,fbx:Armature:pose_bone:mixamorig:Spine2:rotation,2,1.89382
bbsolver,3.0,fbx:Armature:pose_bone:mixamorig:Spine2:scale,1,0.0
blender_decimate,0.5,fbx:Armature:pose_bone:mixamorig:Head:rotation,86,0.63406
blender_decimate,0.5,fbx:Armature:pose_bone:mixamorig:Head:scale,6,0.0
blender_decimate,0.5,fbx:Armature:pose_bone:mixamorig:Hips:location,156,0.768405
blender_decimate,0.5,fbx:Armature:pose_bone:mixamorig:Hips:rotation,109,0.513251
blender_decimate,0.5,fbx:Armature:pose_bone:mixamorig:Hips:scale,6,1e-06
blender_decimate,0.5,fbx:Armature:pose_bone:mixamorig:LeftArm:rotation,102,0.522186
blender_decimate,0.5,fbx:Armature:pose_bone:mixamorig:LeftArm:scale,6,0.0
blender_decimate,0.5,fbx:Armature:pose_bone:mixamorig:LeftFoot:rotation,101,0.503494
blender_decimate,0.5,fbx:Armature:pose_bone:mixamorig:LeftFoot:scale,6,0.0
blender_decimate,0.5,fbx:Armature:pose_bone:mixamorig:LeftForeArm:rotation,126,0.567632
blender_decimate,0.5,fbx:Armature:pose_bone:mixamorig:LeftForeArm:scale,6,0.0
blender_decimate,0.5,fbx:Armature:pose_bone:mixamorig:LeftHand:rotation,141,0.531972
blender_decimate,0.5,fbx:Armature:pose_bone:mixamorig:LeftHand:scale,6,0.0
blender_decimate,0.5,fbx:Armature:pose_bone:mixamorig:LeftLeg:rotation,88,0.463625
blender_decimate,0.5,fbx:Armature:pose_bone:mixamorig:LeftLeg:scale,6,0.0
blender_decimate,0.5,fbx:Armature:pose_bone:mixamorig:LeftShoulder:rotation,86,0.494041
blender_decimate,0.5,fbx:Armature:pose_bone:mixamorig:LeftShoulder:scale,6,0.0
blender_decimate,0.5,fbx:Armature:pose_bone:mixamorig:LeftToeBase:rotation,25,0.48483
blender_decimate,0.5,fbx:Armature:pose_bone:mixamorig:LeftToeBase:scale,6,0.0
blender_decimate,0.5,fbx:Armature:pose_bone:mixamorig:LeftUpLeg:rotation,66,0.497697
blender_decimate,0.5,fbx:Armature:pose_bone:mixamorig:LeftUpLeg:scale,6,0.0
blender_decimate,0.5,fbx:Armature:pose_bone:mixamorig:Neck:rotation,81,0.496103
blender_decimate,0.5,fbx:Armature:pose_bone:mixamorig:Neck:scale,6,0.0
blender_decimate,0.5,fbx:Armature:pose_bone:mixamorig:RightArm:rotation,148,1.519873
blender_decimate,0.5,fbx:Armature:pose_bone:mixamorig:RightArm:scale,6,0.0
blender_decimate,0.5,fbx:Armature:pose_bone:mixamorig:RightFoot:rotation,103,0.450124
blender_decimate,0.5,fbx:Armature:pose_bone:mixamorig:RightFoot:scale,6,0.0
blender_decimate,0.5,fbx:Armature:pose_bone:mixamorig:RightForeArm:rotation,212,3.161216
blender_decimate,0.5,fbx:Armature:pose_bone:mixamorig:RightForeArm:scale,6,0.0
blender_decimate,0.5,fbx:Armature:pose_bone:mixamorig:RightHand:rotation,189,1.941941
blender_decimate,0.5,fbx:Armature:pose_bone:mixamorig:RightHand:scale,6,0.0
blender_decimate,0.5,fbx:Armature:pose_bone:mixamorig:RightLeg:rotation,95,0.620225
blender_decimate,0.5,fbx:Armature:pose_bone:mixamorig:RightLeg:scale,6,0.0
blender_decimate,0.5,fbx:Armature:pose_bone:mixamorig:RightShoulder:rotation,103,0.530679
blender_decimate,0.5,fbx:Armature:pose_bone:mixamorig:RightShoulder:scale,6,0.0
blender_decimate,0.5,fbx:Armature:pose_bone:mixamorig:RightToeBase:rotation,31,0.465193
blender_decimate,0.5,fbx:Armature:pose_bone:mixamorig:RightToeBase:scale,6,0.0
blender_decimate,0.5,fbx:Armature:pose_bone:mixamorig:RightUpLeg:rotation,61,0.488724
blender_decimate,0.5,fbx:Armature:pose_bone:mixamorig:RightUpLeg:scale,6,0.0
blender_decimate,0.5,fbx:Armature:pose_bone:mixamorig:Spine:rotation,73,0.507617
blender_decimate,0.5,fbx:Armature:pose_bone:mixamorig:Spine:scale,6,0.0
blender_decimate,0.5,fbx:Armature:pose_bone:mixamorig:Spine1:rotation,68,0.487356
blender_decimate,0.5,fbx:Armature:pose_bone:mixamorig:Spine1:scale,6,0.0
blender_decimate,0.5,fbx:Armature:pose_bone:mixamorig:Spine2:rotation,39,0.491904
blender_decimate,0.5,fbx:Armature:pose_bone:mixamorig:Spine2:scale,6,0.0
blender_decimate,1.0,fbx:Armature:pose_bone:mixamorig:Head:rotation,55,1.022782
blender_decimate,1.0,fbx:Armature:pose_bone:mixamorig:Head:scale,6,0.0
blender_decimate,1.0,fbx:Armature:pose_bone:mixamorig:Hips:location,77,1.050771
blender_decimate,1.0,fbx:Armature:pose_bone:mixamorig:Hips:rotation,56,1.029231
blender_decimate,1.0,fbx:Armature:pose_bone:mixamorig:Hips:scale,6,1e-06
blender_decimate,1.0,fbx:Armature:pose_bone:mixamorig:LeftArm:rotation,66,1.002024
blender_decimate,1.0,fbx:Armature:pose_bone:mixamorig:LeftArm:scale,6,0.0
blender_decimate,1.0,fbx:Armature:pose_bone:mixamorig:LeftFoot:rotation,56,0.969036
blender_decimate,1.0,fbx:Armature:pose_bone:mixamorig:LeftFoot:scale,6,0.0
blender_decimate,1.0,fbx:Armature:pose_bone:mixamorig:LeftForeArm:rotation,74,0.982442
blender_decimate,1.0,fbx:Armature:pose_bone:mixamorig:LeftForeArm:scale,6,0.0
blender_decimate,1.0,fbx:Armature:pose_bone:mixamorig:LeftHand:rotation,80,2.655266
blender_decimate,1.0,fbx:Armature:pose_bone:mixamorig:LeftHand:scale,6,0.0
blender_decimate,1.0,fbx:Armature:pose_bone:mixamorig:LeftLeg:rotation,49,1.184941
blender_decimate,1.0,fbx:Armature:pose_bone:mixamorig:LeftLeg:scale,6,0.0
blender_decimate,1.0,fbx:Armature:pose_bone:mixamorig:LeftShoulder:rotation,43,0.928308
blender_decimate,1.0,fbx:Armature:pose_bone:mixamorig:LeftShoulder:scale,6,0.0
blender_decimate,1.0,fbx:Armature:pose_bone:mixamorig:LeftToeBase:rotation,12,0.939787
blender_decimate,1.0,fbx:Armature:pose_bone:mixamorig:LeftToeBase:scale,6,0.0
blender_decimate,1.0,fbx:Armature:pose_bone:mixamorig:LeftUpLeg:rotation,35,0.951352
blender_decimate,1.0,fbx:Armature:pose_bone:mixamorig:LeftUpLeg:scale,6,0.0
blender_decimate,1.0,fbx:Armature:pose_bone:mixamorig:Neck:rotation,45,0.973276
blender_decimate,1.0,fbx:Armature:pose_bone:mixamorig:Neck:scale,6,0.0
blender_decimate,1.0,fbx:Armature:pose_bone:mixamorig:RightArm:rotation,103,2.676471
blender_decimate,1.0,fbx:Armature:pose_bone:mixamorig:RightArm:scale,6,0.0
blender_decimate,1.0,fbx:Armature:pose_bone:mixamorig:RightFoot:rotation,56,0.972509
blender_decimate,1.0,fbx:Armature:pose_bone:mixamorig:RightFoot:scale,6,0.0
blender_decimate,1.0,fbx:Armature:pose_bone:mixamorig:RightForeArm:rotation,135,14.440417
blender_decimate,1.0,fbx:Armature:pose_bone:mixamorig:RightForeArm:scale,6,0.0
blender_decimate,1.0,fbx:Armature:pose_bone:mixamorig:RightHand:rotation,122,2.660248
blender_decimate,1.0,fbx:Armature:pose_bone:mixamorig:RightHand:scale,6,0.0
blender_decimate,1.0,fbx:Armature:pose_bone:mixamorig:RightLeg:rotation,48,1.118271
blender_decimate,1.0,fbx:Armature:pose_bone:mixamorig:RightLeg:scale,6,0.0
blender_decimate,1.0,fbx:Armature:pose_bone:mixamorig:RightShoulder:rotation,77,0.983409
blender_decimate,1.0,fbx:Armature:pose_bone:mixamorig:RightShoulder:scale,6,0.0
blender_decimate,1.0,fbx:Armature:pose_bone:mixamorig:RightToeBase:rotation,12,0.867901
blender_decimate,1.0,fbx:Armature:pose_bone:mixamorig:RightToeBase:scale,6,0.0
blender_decimate,1.0,fbx:Armature:pose_bone:mixamorig:RightUpLeg:rotation,36,0.96447
blender_decimate,1.0,fbx:Armature:pose_bone:mixamorig:RightUpLeg:scale,6,0.0
blender_decimate,1.0,fbx:Armature:pose_bone:mixamorig:Spine:rotation,43,0.984348
blender_decimate,1.0,fbx:Armature:pose_bone:mixamorig:Spine:scale,6,0.0
blender_decimate,1.0,fbx:Armature:pose_bone:mixamorig:Spine1:rotation,49,0.929488
blender_decimate,1.0,fbx:Armature:pose_bone:mixamorig:Spine1:scale,6,0.0
blender_decimate,1.0,fbx:Armature:pose_bone:mixamorig:Spine2:rotation,18,0.939124
blender_decimate,1.0,fbx:Armature:pose_bone:mixamorig:Spine2:scale,6,0.0
blender_decimate,2.0,fbx:Armature:pose_bone:mixamorig:Head:rotation,35,1.833333
blender_decimate,2.0,fbx:Armature:pose_bone:mixamorig:Head:scale,6,0.0
blender_decimate,2.0,fbx:Armature:pose_bone:mixamorig:Hips:location,48,2.600104
blender_decimate,2.0,fbx:Armature:pose_bone:mixamorig:Hips:rotation,31,1.990395
blender_decimate,2.0,fbx:Armature:pose_bone:mixamorig:Hips:scale,6,1e-06
blender_decimate,2.0,fbx:Armature:pose_bone:mixamorig:LeftArm:rotation,37,1.970542
blender_decimate,2.0,fbx:Armature:pose_bone:mixamorig:LeftArm:scale,6,0.0
blender_decimate,2.0,fbx:Armature:pose_bone:mixamorig:LeftFoot:rotation,24,1.932779
blender_decimate,2.0,fbx:Armature:pose_bone:mixamorig:LeftFoot:scale,6,0.0
blender_decimate,2.0,fbx:Armature:pose_bone:mixamorig:LeftForeArm:rotation,47,1.919195
blender_decimate,2.0,fbx:Armature:pose_bone:mixamorig:LeftForeArm:scale,6,0.0
blender_decimate,2.0,fbx:Armature:pose_bone:mixamorig:LeftHand:rotation,48,2.655266
blender_decimate,2.0,fbx:Armature:pose_bone:mixamorig:LeftHand:scale,6,0.0
blender_decimate,2.0,fbx:Armature:pose_bone:mixamorig:LeftLeg:rotation,28,1.733455
blender_decimate,2.0,fbx:Armature:pose_bone:mixamorig:LeftLeg:scale,6,0.0
blender_decimate,2.0,fbx:Armature:pose_bone:mixamorig:LeftShoulder:rotation,18,1.9906
blender_decimate,2.0,fbx:Armature:pose_bone:mixamorig:LeftShoulder:scale,6,0.0
blender_decimate,2.0,fbx:Armature:pose_bone:mixamorig:LeftToeBase:rotation,6,1.335109
blender_decimate,2.0,fbx:Armature:pose_bone:mixamorig:LeftToeBase:scale,6,0.0
blender_decimate,2.0,fbx:Armature:pose_bone:mixamorig:LeftUpLeg:rotation,15,1.815995
blender_decimate,2.0,fbx:Armature:pose_bone:mixamorig:LeftUpLeg:scale,6,0.0
blender_decimate,2.0,fbx:Armature:pose_bone:mixamorig:Neck:rotation,28,1.984052
blender_decimate,2.0,fbx:Armature:pose_bone:mixamorig:Neck:scale,6,0.0
blender_decimate,2.0,fbx:Armature:pose_bone:mixamorig:RightArm:rotation,79,6.809903
blender_decimate,2.0,fbx:Armature:pose_bone:mixamorig:RightArm:scale,6,0.0
blender_decimate,2.0,fbx:Armature:pose_bone:mixamorig:RightFoot:rotation,28,1.912472
blender_decimate,2.0,fbx:Armature:pose_bone:mixamorig:RightFoot:scale,6,0.0
blender_decimate,2.0,fbx:Armature:pose_bone:mixamorig:RightForeArm:rotation,105,14.440417
blender_decimate,2.0,fbx:Armature:pose_bone:mixamorig:RightForeArm:scale,6,0.0
blender_decimate,2.0,fbx:Armature:pose_bone:mixamorig:RightHand:rotation,80,6.494004
blender_decimate,2.0,fbx:Armature:pose_bone:mixamorig:RightHand:scale,6,0.0
blender_decimate,2.0,fbx:Armature:pose_bone:mixamorig:RightLeg:rotation,31,1.991926
blender_decimate,2.0,fbx:Armature:pose_bone:mixamorig:RightLeg:scale,6,0.0
blender_decimate,2.0,fbx:Armature:pose_bone:mixamorig:RightShoulder:rotation,52,2.509561
blender_decimate,2.0,fbx:Armature:pose_bone:mixamorig:RightShoulder:scale,6,0.0
blender_decimate,2.0,fbx:Armature:pose_bone:mixamorig:RightToeBase:rotation,6,1.290985
blender_decimate,2.0,fbx:Armature:pose_bone:mixamorig:RightToeBase:scale,6,0.0
blender_decimate,2.0,fbx:Armature:pose_bone:mixamorig:RightUpLeg:rotation,19,1.795998
blender_decimate,2.0,fbx:Armature:pose_bone:mixamorig:RightUpLeg:scale,6,0.0
blender_decimate,2.0,fbx:Armature:pose_bone:mixamorig:Spine:rotation,26,1.947659
blender_decimate,2.0,fbx:Armature:pose_bone:mixamorig:Spine:scale,6,0.0
blender_decimate,2.0,fbx:Armature:pose_bone:mixamorig:Spine1:rotation,19,1.983785
blender_decimate,2.0,fbx:Armature:pose_bone:mixamorig:Spine1:scale,6,0.0
blender_decimate,2.0,fbx:Armature:pose_bone:mixamorig:Spine2:rotation,9,1.380064
blender_decimate,2.0,fbx:Armature:pose_bone:mixamorig:Spine2:scale,6,0.0
blender_decimate,3.0,fbx:Armature:pose_bone:mixamorig:Head:rotation,27,3.086687
blender_decimate,3.0,fbx:Armature:pose_bone:mixamorig:Head:scale,6,0.0
blender_decimate,3.0,fbx:Armature:pose_bone:mixamorig:Hips:location,30,3.312545
blender_decimate,3.0,fbx:Armature:pose_bone:mixamorig:Hips:rotation,19,2.698952
blender_decimate,3.0,fbx:Armature:pose_bone:mixamorig:Hips:scale,6,1e-06
blender_decimate,3.0,fbx:Armature:pose_bone:mixamorig:LeftArm:rotation,29,2.913666
blender_decimate,3.0,fbx:Armature:pose_bone:mixamorig:LeftArm:scale,6,0.0
blender_decimate,3.0,fbx:Armature:pose_bone:mixamorig:LeftFoot:rotation,17,2.969372
blender_decimate,3.0,fbx:Armature:pose_bone:mixamorig:LeftFoot:scale,6,0.0
blender_decimate,3.0,fbx:Armature:pose_bone:mixamorig:LeftForeArm:rotation,30,2.816123
blender_decimate,3.0,fbx:Armature:pose_bone:mixamorig:LeftForeArm:scale,6,0.0
blender_decimate,3.0,fbx:Armature:pose_bone:mixamorig:LeftHand:rotation,25,2.91482
blender_decimate,3.0,fbx:Armature:pose_bone:mixamorig:LeftHand:scale,6,0.0
blender_decimate,3.0,fbx:Armature:pose_bone:mixamorig:LeftLeg:rotation,18,2.937564
blender_decimate,3.0,fbx:Armature:pose_bone:mixamorig:LeftLeg:scale,6,0.0
blender_decimate,3.0,fbx:Armature:pose_bone:mixamorig:LeftShoulder:rotation,13,2.624739
blender_decimate,3.0,fbx:Armature:pose_bone:mixamorig:LeftShoulder:scale,6,0.0
blender_decimate,3.0,fbx:Armature:pose_bone:mixamorig:LeftToeBase:rotation,6,1.335109
blender_decimate,3.0,fbx:Armature:pose_bone:mixamorig:LeftToeBase:scale,6,0.0
blender_decimate,3.0,fbx:Armature:pose_bone:mixamorig:LeftUpLeg:rotation,11,2.393665
blender_decimate,3.0,fbx:Armature:pose_bone:mixamorig:LeftUpLeg:scale,6,0.0
blender_decimate,3.0,fbx:Armature:pose_bone:mixamorig:Neck:rotation,19,2.846171
blender_decimate,3.0,fbx:Armature:pose_bone:mixamorig:Neck:scale,6,0.0
blender_decimate,3.0,fbx:Armature:pose_bone:mixamorig:RightArm:rotation,68,6.809903
blender_decimate,3.0,fbx:Armature:pose_bone:mixamorig:RightArm:scale,6,0.0
blender_decimate,3.0,fbx:Armature:pose_bone:mixamorig:RightFoot:rotation,18,2.84574
blender_decimate,3.0,fbx:Armature:pose_bone:mixamorig:RightFoot:scale,6,0.0
blender_decimate,3.0,fbx:Armature:pose_bone:mixamorig:RightForeArm:rotation,91,14.440417
blender_decimate,3.0,fbx:Armature:pose_bone:mixamorig:RightForeArm:scale,6,0.0
blender_decimate,3.0,fbx:Armature:pose_bone:mixamorig:RightHand:rotation,61,6.494003
blender_decimate,3.0,fbx:Armature:pose_bone:mixamorig:RightHand:scale,6,0.0
blender_decimate,3.0,fbx:Armature:pose_bone:mixamorig:RightLeg:rotation,27,2.571314
blender_decimate,3.0,fbx:Armature:pose_bone:mixamorig:RightLeg:scale,6,0.0
blender_decimate,3.0,fbx:Armature:pose_bone:mixamorig:RightShoulder:rotation,33,2.812948
blender_decimate,3.0,fbx:Armature:pose_bone:mixamorig:RightShoulder:scale,6,0.0
blender_decimate,3.0,fbx:Armature:pose_bone:mixamorig:RightToeBase:rotation,6,1.290985
blender_decimate,3.0,fbx:Armature:pose_bone:mixamorig:RightToeBase:scale,6,0.0
blender_decimate,3.0,fbx:Armature:pose_bone:mixamorig:RightUpLeg:rotation,11,2.886923
blender_decimate,3.0,fbx:Armature:pose_bone:mixamorig:RightUpLeg:scale,6,0.0
blender_decimate,3.0,fbx:Armature:pose_bone:mixamorig:Spine:rotation,14,2.721358
blender_decimate,3.0,fbx:Armature:pose_bone:mixamorig:Spine:scale,6,0.0
blender_decimate,3.0,fbx:Armature:pose_bone:mixamorig:Spine1:rotation,11,3.002962
blender_decimate,3.0,fbx:Armature:pose_bone:mixamorig:Spine1:scale,6,0.0
blender_decimate,3.0,fbx:Armature:pose_bone:mixamorig:Spine2:rotation,7,2.241817
blender_decimate,3.0,fbx:Armature:pose_bone:mixamorig:Spine2:scale,6,0.0
joosten_reducer,0.5,fbx:Armature:pose_bone:mixamorig:Head:rotation,92,6.219189
joosten_reducer,0.5,fbx:Armature:pose_bone:mixamorig:Head:scale,6,5e-06
joosten_reducer,0.5,fbx:Armature:pose_bone:mixamorig:Hips:location,106,6.394203
joosten_reducer,0.5,fbx:Armature:pose_bone:mixamorig:Hips:rotation,87,2.688846
joosten_reducer,0.5,fbx:Armature:pose_bone:mixamorig:Hips:scale,6,2.4e-05
joosten_reducer,0.5,fbx:Armature:pose_bone:mixamorig:LeftArm:rotation,95,6.709488
joosten_reducer,0.5,fbx:Armature:pose_bone:mixamorig:LeftArm:scale,6,5e-06
joosten_reducer,0.5,fbx:Armature:pose_bone:mixamorig:LeftFoot:rotation,93,2.498312
joosten_reducer,0.5,fbx:Armature:pose_bone:mixamorig:LeftFoot:scale,6,7e-06
joosten_reducer,0.5,fbx:Armature:pose_bone:mixamorig:LeftForeArm:rotation,107,7.050672
joosten_reducer,0.5,fbx:Armature:pose_bone:mixamorig:LeftForeArm:scale,6,4e-06
joosten_reducer,0.5,fbx:Armature:pose_bone:mixamorig:LeftHand:rotation,108,5.214701
joosten_reducer,0.5,fbx:Armature:pose_bone:mixamorig:LeftHand:scale,6,5e-06
joosten_reducer,0.5,fbx:Armature:pose_bone:mixamorig:LeftLeg:rotation,85,3.091736
joosten_reducer,0.5,fbx:Armature:pose_bone:mixamorig:LeftLeg:scale,6,5e-06
joosten_reducer,0.5,fbx:Armature:pose_bone:mixamorig:LeftShoulder:rotation,70,1.748852
joosten_reducer,0.5,fbx:Armature:pose_bone:mixamorig:LeftShoulder:scale,6,4e-06
joosten_reducer,0.5,fbx:Armature:pose_bone:mixamorig:LeftToeBase:rotation,23,0.583691
joosten_reducer,0.5,fbx:Armature:pose_bone:mixamorig:LeftToeBase:scale,6,9e-06
joosten_reducer,0.5,fbx:Armature:pose_bone:mixamorig:LeftUpLeg:rotation,65,1.26481
joosten_reducer,0.5,fbx:Armature:pose_bone:mixamorig:LeftUpLeg:scale,6,5e-06
joosten_reducer,0.5,fbx:Armature:pose_bone:mixamorig:Neck:rotation,75,4.833349
joosten_reducer,0.5,fbx:Armature:pose_bone:mixamorig:Neck:scale,6,5e-06
joosten_reducer,0.5,fbx:Armature:pose_bone:mixamorig:RightArm:rotation,170,22.074083
joosten_reducer,0.5,fbx:Armature:pose_bone:mixamorig:RightArm:scale,6,7e-06
joosten_reducer,0.5,fbx:Armature:pose_bone:mixamorig:RightFoot:rotation,94,2.136121
joosten_reducer,0.5,fbx:Armature:pose_bone:mixamorig:RightFoot:scale,6,5e-06
joosten_reducer,0.5,fbx:Armature:pose_bone:mixamorig:RightForeArm:rotation,225,45.695527
joosten_reducer,0.5,fbx:Armature:pose_bone:mixamorig:RightForeArm:scale,6,3e-06
joosten_reducer,0.5,fbx:Armature:pose_bone:mixamorig:RightHand:rotation,182,12.203433
joosten_reducer,0.5,fbx:Armature:pose_bone:mixamorig:RightHand:scale,6,5e-06
joosten_reducer,0.5,fbx:Armature:pose_bone:mixamorig:RightLeg:rotation,85,3.432536
joosten_reducer,0.5,fbx:Armature:pose_bone:mixamorig:RightLeg:scale,6,5e-06
joosten_reducer,0.5,fbx:Armature:pose_bone:mixamorig:RightShoulder:rotation,103,11.691363
joosten_reducer,0.5,fbx:Armature:pose_bone:mixamorig:RightShoulder:scale,6,7e-06
joosten_reducer,0.5,fbx:Armature:pose_bone:mixamorig:RightToeBase:rotation,22,0.534223
joosten_reducer,0.5,fbx:Armature:pose_bone:mixamorig:RightToeBase:scale,6,5e-06
joosten_reducer,0.5,fbx:Armature:pose_bone:mixamorig:RightUpLeg:rotation,67,2.435553
joosten_reducer,0.5,fbx:Armature:pose_bone:mixamorig:RightUpLeg:scale,6,4e-06
joosten_reducer,0.5,fbx:Armature:pose_bone:mixamorig:Spine:rotation,72,1.772249
joosten_reducer,0.5,fbx:Armature:pose_bone:mixamorig:Spine:scale,6,5e-06
joosten_reducer,0.5,fbx:Armature:pose_bone:mixamorig:Spine1:rotation,72,2.573726
joosten_reducer,0.5,fbx:Armature:pose_bone:mixamorig:Spine1:scale,6,7e-06
joosten_reducer,0.5,fbx:Armature:pose_bone:mixamorig:Spine2:rotation,35,0.9874
joosten_reducer,0.5,fbx:Armature:pose_bone:mixamorig:Spine2:scale,6,5e-06
joosten_reducer,1.0,fbx:Armature:pose_bone:mixamorig:Head:rotation,57,7.263715
joosten_reducer,1.0,fbx:Armature:pose_bone:mixamorig:Head:scale,6,5e-06
joosten_reducer,1.0,fbx:Armature:pose_bone:mixamorig:Hips:location,68,6.394203
joosten_reducer,1.0,fbx:Armature:pose_bone:mixamorig:Hips:rotation,50,3.201254
joosten_reducer,1.0,fbx:Armature:pose_bone:mixamorig:Hips:scale,6,2.4e-05
joosten_reducer,1.0,fbx:Armature:pose_bone:mixamorig:LeftArm:rotation,65,7.547673
joosten_reducer,1.0,fbx:Armature:pose_bone:mixamorig:LeftArm:scale,6,5e-06
joosten_reducer,1.0,fbx:Armature:pose_bone:mixamorig:LeftFoot:rotation,44,2.181556
joosten_reducer,1.0,fbx:Armature:pose_bone:mixamorig:LeftFoot:scale,6,7e-06
joosten_reducer,1.0,fbx:Armature:pose_bone:mixamorig:LeftForeArm:rotation,68,7.050672
joosten_reducer,1.0,fbx:Armature:pose_bone:mixamorig:LeftForeArm:scale,6,4e-06
joosten_reducer,1.0,fbx:Armature:pose_bone:mixamorig:LeftHand:rotation,61,5.214701
joosten_reducer,1.0,fbx:Armature:pose_bone:mixamorig:LeftHand:scale,6,5e-06
joosten_reducer,1.0,fbx:Armature:pose_bone:mixamorig:LeftLeg:rotation,42,3.943667
joosten_reducer,1.0,fbx:Armature:pose_bone:mixamorig:LeftLeg:scale,6,5e-06
joosten_reducer,1.0,fbx:Armature:pose_bone:mixamorig:LeftShoulder:rotation,40,1.804236
joosten_reducer,1.0,fbx:Armature:pose_bone:mixamorig:LeftShoulder:scale,6,4e-06
joosten_reducer,1.0,fbx:Armature:pose_bone:mixamorig:LeftToeBase:rotation,10,0.891608
joosten_reducer,1.0,fbx:Armature:pose_bone:mixamorig:LeftToeBase:scale,6,9e-06
joosten_reducer,1.0,fbx:Armature:pose_bone:mixamorig:LeftUpLeg:rotation,28,2.513451
joosten_reducer,1.0,fbx:Armature:pose_bone:mixamorig:LeftUpLeg:scale,6,5e-06
joosten_reducer,1.0,fbx:Armature:pose_bone:mixamorig:Neck:rotation,47,4.833349
joosten_reducer,1.0,fbx:Armature:pose_bone:mixamorig:Neck:scale,6,5e-06
joosten_reducer,1.0,fbx:Armature:pose_bone:mixamorig:RightArm:rotation,126,23.357151
joosten_reducer,1.0,fbx:Armature:pose_bone:mixamorig:RightArm:scale,6,7e-06
joosten_reducer,1.0,fbx:Armature:pose_bone:mixamorig:RightFoot:rotation,51,4.658933
joosten_reducer,1.0,fbx:Armature:pose_bone:mixamorig:RightFoot:scale,6,5e-06
joosten_reducer,1.0,fbx:Armature:pose_bone:mixamorig:RightForeArm:rotation,165,51.929931
joosten_reducer,1.0,fbx:Armature:pose_bone:mixamorig:RightForeArm:scale,6,3e-06
joosten_reducer,1.0,fbx:Armature:pose_bone:mixamorig:RightHand:rotation,127,12.203433
joosten_reducer,1.0,fbx:Armature:pose_bone:mixamorig:RightHand:scale,6,5e-06
joosten_reducer,1.0,fbx:Armature:pose_bone:mixamorig:RightLeg:rotation,42,4.081953
joosten_reducer,1.0,fbx:Armature:pose_bone:mixamorig:RightLeg:scale,6,5e-06
joosten_reducer,1.0,fbx:Armature:pose_bone:mixamorig:RightShoulder:rotation,71,11.691363
joosten_reducer,1.0,fbx:Armature:pose_bone:mixamorig:RightShoulder:scale,6,7e-06
joosten_reducer,1.0,fbx:Armature:pose_bone:mixamorig:RightToeBase:rotation,14,0.970891
joosten_reducer,1.0,fbx:Armature:pose_bone:mixamorig:RightToeBase:scale,6,5e-06
joosten_reducer,1.0,fbx:Armature:pose_bone:mixamorig:RightUpLeg:rotation,25,2.006346
joosten_reducer,1.0,fbx:Armature:pose_bone:mixamorig:RightUpLeg:scale,6,4e-06
joosten_reducer,1.0,fbx:Armature:pose_bone:mixamorig:Spine:rotation,35,2.740606
joosten_reducer,1.0,fbx:Armature:pose_bone:mixamorig:Spine:scale,6,5e-06
joosten_reducer,1.0,fbx:Armature:pose_bone:mixamorig:Spine1:rotation,38,3.225561
joosten_reducer,1.0,fbx:Armature:pose_bone:mixamorig:Spine1:scale,6,7e-06
joosten_reducer,1.0,fbx:Armature:pose_bone:mixamorig:Spine2:rotation,16,1.064294
joosten_reducer,1.0,fbx:Armature:pose_bone:mixamorig:Spine2:scale,6,5e-06
joosten_reducer,2.0,fbx:Armature:pose_bone:mixamorig:Head:rotation,32,7.461569
joosten_reducer,2.0,fbx:Armature:pose_bone:mixamorig:Head:scale,6,5e-06
joosten_reducer,2.0,fbx:Armature:pose_bone:mixamorig:Hips:location,27,10.438947
joosten_reducer,2.0,fbx:Armature:pose_bone:mixamorig:Hips:rotation,21,3.689755
joosten_reducer,2.0,fbx:Armature:pose_bone:mixamorig:Hips:scale,6,2.4e-05
joosten_reducer,2.0,fbx:Armature:pose_bone:mixamorig:LeftArm:rotation,33,7.547673
joosten_reducer,2.0,fbx:Armature:pose_bone:mixamorig:LeftArm:scale,6,5e-06
joosten_reducer,2.0,fbx:Armature:pose_bone:mixamorig:LeftFoot:rotation,23,4.016104
joosten_reducer,2.0,fbx:Armature:pose_bone:mixamorig:LeftFoot:scale,6,7e-06
joosten_reducer,2.0,fbx:Armature:pose_bone:mixamorig:LeftForeArm:rotation,40,11.242466
joosten_reducer,2.0,fbx:Armature:pose_bone:mixamorig:LeftForeArm:scale,6,4e-06
joosten_reducer,2.0,fbx:Armature:pose_bone:mixamorig:LeftHand:rotation,39,7.428072
joosten_reducer,2.0,fbx:Armature:pose_bone:mixamorig:LeftHand:scale,6,5e-06
joosten_reducer,2.0,fbx:Armature:pose_bone:mixamorig:LeftLeg:rotation,23,7.32462
joosten_reducer,2.0,fbx:Armature:pose_bone:mixamorig:LeftLeg:scale,6,5e-06
joosten_reducer,2.0,fbx:Armature:pose_bone:mixamorig:LeftShoulder:rotation,13,2.086308
joosten_reducer,2.0,fbx:Armature:pose_bone:mixamorig:LeftShoulder:scale,6,4e-06
joosten_reducer,2.0,fbx:Armature:pose_bone:mixamorig:LeftToeBase:rotation,6,1.200749
joosten_reducer,2.0,fbx:Armature:pose_bone:mixamorig:LeftToeBase:scale,6,9e-06
joosten_reducer,2.0,fbx:Armature:pose_bone:mixamorig:LeftUpLeg:rotation,12,2.333611
joosten_reducer,2.0,fbx:Armature:pose_bone:mixamorig:LeftUpLeg:scale,6,5e-06
joosten_reducer,2.0,fbx:Armature:pose_bone:mixamorig:Neck:rotation,25,6.284725
joosten_reducer,2.0,fbx:Armature:pose_bone:mixamorig:Neck:scale,6,5e-06
joosten_reducer,2.0,fbx:Armature:pose_bone:mixamorig:RightArm:rotation,86,23.987174
joosten_reducer,2.0,fbx:Armature:pose_bone:mixamorig:RightArm:scale,6,7e-06
joosten_reducer,2.0,fbx:Armature:pose_bone:mixamorig:RightFoot:rotation,31,4.124555
joosten_reducer,2.0,fbx:Armature:pose_bone:mixamorig:RightFoot:scale,6,5e-06
joosten_reducer,2.0,fbx:Armature:pose_bone:mixamorig:RightForeArm:rotation,124,51.929931
joosten_reducer,2.0,fbx:Armature:pose_bone:mixamorig:RightForeArm:scale,6,3e-06
joosten_reducer,2.0,fbx:Armature:pose_bone:mixamorig:RightHand:rotation,78,17.715864
joosten_reducer,2.0,fbx:Armature:pose_bone:mixamorig:RightHand:scale,6,5e-06
joosten_reducer,2.0,fbx:Armature:pose_bone:mixamorig:RightLeg:rotation,20,6.771806
joosten_reducer,2.0,fbx:Armature:pose_bone:mixamorig:RightLeg:scale,6,5e-06
joosten_reducer,2.0,fbx:Armature:pose_bone:mixamorig:RightShoulder:rotation,46,13.390581
joosten_reducer,2.0,fbx:Armature:pose_bone:mixamorig:RightShoulder:scale,6,7e-06
joosten_reducer,2.0,fbx:Armature:pose_bone:mixamorig:RightToeBase:rotation,7,1.318863
joosten_reducer,2.0,fbx:Armature:pose_bone:mixamorig:RightToeBase:scale,6,5e-06
joosten_reducer,2.0,fbx:Armature:pose_bone:mixamorig:RightUpLeg:rotation,13,3.920661
joosten_reducer,2.0,fbx:Armature:pose_bone:mixamorig:RightUpLeg:scale,6,4e-06
joosten_reducer,2.0,fbx:Armature:pose_bone:mixamorig:Spine:rotation,23,3.676771
joosten_reducer,2.0,fbx:Armature:pose_bone:mixamorig:Spine:scale,6,5e-06
joosten_reducer,2.0,fbx:Armature:pose_bone:mixamorig:Spine1:rotation,18,2.275982
joosten_reducer,2.0,fbx:Armature:pose_bone:mixamorig:Spine1:scale,6,7e-06
joosten_reducer,2.0,fbx:Armature:pose_bone:mixamorig:Spine2:rotation,8,2.017513
joosten_reducer,2.0,fbx:Armature:pose_bone:mixamorig:Spine2:scale,6,5e-06
joosten_reducer,3.0,fbx:Armature:pose_bone:mixamorig:Head:rotation,25,9.502798
joosten_reducer,3.0,fbx:Armature:pose_bone:mixamorig:Head:scale,6,5e-06
joosten_reducer,3.0,fbx:Armature:pose_bone:mixamorig:Hips:location,15,11.732659
joosten_reducer,3.0,fbx:Armature:pose_bone:mixamorig:Hips:rotation,13,3.343887
joosten_reducer,3.0,fbx:Armature:pose_bone:mixamorig:Hips:scale,6,2.4e-05
joosten_reducer,3.0,fbx:Armature:pose_bone:mixamorig:LeftArm:rotation,26,9.60504
joosten_reducer,3.0,fbx:Armature:pose_bone:mixamorig:LeftArm:scale,6,5e-06
joosten_reducer,3.0,fbx:Armature:pose_bone:mixamorig:LeftFoot:rotation,11,2.827569
joosten_reducer,3.0,fbx:Armature:pose_bone:mixamorig:LeftFoot:scale,6,7e-06
joosten_reducer,3.0,fbx:Armature:pose_bone:mixamorig:LeftForeArm:rotation,24,6.327009
joosten_reducer,3.0,fbx:Armature:pose_bone:mixamorig:LeftForeArm:scale,6,4e-06
joosten_reducer,3.0,fbx:Armature:pose_bone:mixamorig:LeftHand:rotation,24,10.766239
joosten_reducer,3.0,fbx:Armature:pose_bone:mixamorig:LeftHand:scale,6,5e-06
joosten_reducer,3.0,fbx:Armature:pose_bone:mixamorig:LeftLeg:rotation,20,4.803703
joosten_reducer,3.0,fbx:Armature:pose_bone:mixamorig:LeftLeg:scale,6,5e-06
joosten_reducer,3.0,fbx:Armature:pose_bone:mixamorig:LeftShoulder:rotation,10,2.722163
joosten_reducer,3.0,fbx:Armature:pose_bone:mixamorig:LeftShoulder:scale,6,4e-06
joosten_reducer,3.0,fbx:Armature:pose_bone:mixamorig:LeftToeBase:rotation,6,1.200749
joosten_reducer,3.0,fbx:Armature:pose_bone:mixamorig:LeftToeBase:scale,6,9e-06
joosten_reducer,3.0,fbx:Armature:pose_bone:mixamorig:LeftUpLeg:rotation,12,2.333611
joosten_reducer,3.0,fbx:Armature:pose_bone:mixamorig:LeftUpLeg:scale,6,5e-06
joosten_reducer,3.0,fbx:Armature:pose_bone:mixamorig:Neck:rotation,19,6.284725
joosten_reducer,3.0,fbx:Armature:pose_bone:mixamorig:Neck:scale,6,5e-06
joosten_reducer,3.0,fbx:Armature:pose_bone:mixamorig:RightArm:rotation,60,36.979604
joosten_reducer,3.0,fbx:Armature:pose_bone:mixamorig:RightArm:scale,6,7e-06
joosten_reducer,3.0,fbx:Armature:pose_bone:mixamorig:RightFoot:rotation,15,3.319401
joosten_reducer,3.0,fbx:Armature:pose_bone:mixamorig:RightFoot:scale,6,5e-06
joosten_reducer,3.0,fbx:Armature:pose_bone:mixamorig:RightForeArm:rotation,97,51.929931
joosten_reducer,3.0,fbx:Armature:pose_bone:mixamorig:RightForeArm:scale,6,3e-06
joosten_reducer,3.0,fbx:Armature:pose_bone:mixamorig:RightHand:rotation,60,17.715864
joosten_reducer,3.0,fbx:Armature:pose_bone:mixamorig:RightHand:scale,6,5e-06
joosten_reducer,3.0,fbx:Armature:pose_bone:mixamorig:RightLeg:rotation,15,6.90756
joosten_reducer,3.0,fbx:Armature:pose_bone:mixamorig:RightLeg:scale,6,5e-06
joosten_reducer,3.0,fbx:Armature:pose_bone:mixamorig:RightShoulder:rotation,31,13.390581
joosten_reducer,3.0,fbx:Armature:pose_bone:mixamorig:RightShoulder:scale,6,7e-06
joosten_reducer,3.0,fbx:Armature:pose_bone:mixamorig:RightToeBase:rotation,7,1.318863
joosten_reducer,3.0,fbx:Armature:pose_bone:mixamorig:RightToeBase:scale,6,5e-06
joosten_reducer,3.0,fbx:Armature:pose_bone:mixamorig:RightUpLeg:rotation,8,3.920661
joosten_reducer,3.0,fbx:Armature:pose_bone:mixamorig:RightUpLeg:scale,6,4e-06
joosten_reducer,3.0,fbx:Armature:pose_bone:mixamorig:Spine:rotation,11,4.09142
joosten_reducer,3.0,fbx:Armature:pose_bone:mixamorig:Spine:scale,6,5e-06
joosten_reducer,3.0,fbx:Armature:pose_bone:mixamorig:Spine1:rotation,12,3.12283
joosten_reducer,3.0,fbx:Armature:pose_bone:mixamorig:Spine1:scale,6,7e-06
joosten_reducer,3.0,fbx:Armature:pose_bone:mixamorig:Spine2:rotation,8,2.017513
joosten_reducer,3.0,fbx:Armature:pose_bone:mixamorig:Spine2:scale,6,5e-06
toolchefs_reducer,0.5,fbx:Armature:pose_bone:mixamorig:Head:rotation,53,2.98172
toolchefs_reducer,0.5,fbx:Armature:pose_bone:mixamorig:Head:scale,6,0.0
toolchefs_reducer,0.5,fbx:Armature:pose_bone:mixamorig:Hips:location,54,2.744726
toolchefs_reducer,0.5,fbx:Armature:pose_bone:mixamorig:Hips:rotation,67,1.438831
toolchefs_reducer,0.5,fbx:Armature:pose_bone:mixamorig:Hips:scale,6,0.0
toolchefs_reducer,0.5,fbx:Armature:pose_bone:mixamorig:LeftArm:rotation,64,1.960107
toolchefs_reducer,0.5,fbx:Armature:pose_bone:mixamorig:LeftArm:scale,6,0.0
toolchefs_reducer,0.5,fbx:Armature:pose_bone:mixamorig:LeftFoot:rotation,65,1.220174
toolchefs_reducer,0.5,fbx:Armature:pose_bone:mixamorig:LeftFoot:scale,6,0.0
toolchefs_reducer,0.5,fbx:Armature:pose_bone:mixamorig:LeftForeArm:rotation,65,2.902918
toolchefs_reducer,0.5,fbx:Armature:pose_bone:mixamorig:LeftForeArm:scale,6,0.0
toolchefs_reducer,0.5,fbx:Armature:pose_bone:mixamorig:LeftHand:rotation,68,2.834368
toolchefs_reducer,0.5,fbx:Armature:pose_bone:mixamorig:LeftHand:scale,6,0.0
toolchefs_reducer,0.5,fbx:Armature:pose_bone:mixamorig:LeftLeg:rotation,63,1.844377
toolchefs_reducer,0.5,fbx:Armature:pose_bone:mixamorig:LeftLeg:scale,6,0.0
toolchefs_reducer,0.5,fbx:Armature:pose_bone:mixamorig:LeftShoulder:rotation,51,1.443552
toolchefs_reducer,0.5,fbx:Armature:pose_bone:mixamorig:LeftShoulder:scale,6,0.0
toolchefs_reducer,0.5,fbx:Armature:pose_bone:mixamorig:LeftToeBase:rotation,24,0.507846
toolchefs_reducer,0.5,fbx:Armature:pose_bone:mixamorig:LeftToeBase:scale,6,0.0
toolchefs_reducer,0.5,fbx:Armature:pose_bone:mixamorig:LeftUpLeg:rotation,53,1.490994
toolchefs_reducer,0.5,fbx:Armature:pose_bone:mixamorig:LeftUpLeg:scale,6,0.0
toolchefs_reducer,0.5,fbx:Armature:pose_bone:mixamorig:Neck:rotation,58,2.090676
toolchefs_reducer,0.5,fbx:Armature:pose_bone:mixamorig:Neck:scale,6,0.0
toolchefs_reducer,0.5,fbx:Armature:pose_bone:mixamorig:RightArm:rotation,65,9.116877
toolchefs_reducer,0.5,fbx:Armature:pose_bone:mixamorig:RightArm:scale,6,0.0
toolchefs_reducer,0.5,fbx:Armature:pose_bone:mixamorig:RightFoot:rotation,64,1.287114
toolchefs_reducer,0.5,fbx:Armature:pose_bone:mixamorig:RightFoot:scale,6,0.0
toolchefs_reducer,0.5,fbx:Armature:pose_bone:mixamorig:RightForeArm:rotation,74,32.084117
toolchefs_reducer,0.5,fbx:Armature:pose_bone:mixamorig:RightForeArm:scale,6,0.0
toolchefs_reducer,0.5,fbx:Armature:pose_bone:mixamorig:RightHand:rotation,72,7.840473
toolchefs_reducer,0.5,fbx:Armature:pose_bone:mixamorig:RightHand:scale,6,0.0
toolchefs_reducer,0.5,fbx:Armature:pose_bone:mixamorig:RightLeg:rotation,56,2.355563
toolchefs_reducer,0.5,fbx:Armature:pose_bone:mixamorig:RightLeg:scale,6,0.0
toolchefs_reducer,0.5,fbx:Armature:pose_bone:mixamorig:RightShoulder:rotation,55,4.158626
toolchefs_reducer,0.5,fbx:Armature:pose_bone:mixamorig:RightShoulder:scale,6,0.0
toolchefs_reducer,0.5,fbx:Armature:pose_bone:mixamorig:RightToeBase:rotation,24,0.535403
toolchefs_reducer,0.5,fbx:Armature:pose_bone:mixamorig:RightToeBase:scale,6,0.0
toolchefs_reducer,0.5,fbx:Armature:pose_bone:mixamorig:RightUpLeg:rotation,46,1.981185
toolchefs_reducer,0.5,fbx:Armature:pose_bone:mixamorig:RightUpLeg:scale,6,0.0
toolchefs_reducer,0.5,fbx:Armature:pose_bone:mixamorig:Spine:rotation,49,1.351846
toolchefs_reducer,0.5,fbx:Armature:pose_bone:mixamorig:Spine:scale,6,0.0
toolchefs_reducer,0.5,fbx:Armature:pose_bone:mixamorig:Spine1:rotation,59,1.453912
toolchefs_reducer,0.5,fbx:Armature:pose_bone:mixamorig:Spine1:scale,6,0.0
toolchefs_reducer,0.5,fbx:Armature:pose_bone:mixamorig:Spine2:rotation,34,1.194666
toolchefs_reducer,0.5,fbx:Armature:pose_bone:mixamorig:Spine2:scale,6,0.0
toolchefs_reducer,1.0,fbx:Armature:pose_bone:mixamorig:Head:rotation,36,7.035531
toolchefs_reducer,1.0,fbx:Armature:pose_bone:mixamorig:Head:scale,6,0.0
toolchefs_reducer,1.0,fbx:Armature:pose_bone:mixamorig:Hips:location,30,5.312077
toolchefs_reducer,1.0,fbx:Armature:pose_bone:mixamorig:Hips:rotation,32,2.463841
toolchefs_reducer,1.0,fbx:Armature:pose_bone:mixamorig:Hips:scale,6,0.0
toolchefs_reducer,1.0,fbx:Armature:pose_bone:mixamorig:LeftArm:rotation,47,4.020402
toolchefs_reducer,1.0,fbx:Armature:pose_bone:mixamorig:LeftArm:scale,6,0.0
toolchefs_reducer,1.0,fbx:Armature:pose_bone:mixamorig:LeftFoot:rotation,37,2.332615
toolchefs_reducer,1.0,fbx:Armature:pose_bone:mixamorig:LeftFoot:scale,6,0.0
toolchefs_reducer,1.0,fbx:Armature:pose_bone:mixamorig:LeftForeArm:rotation,35,3.45505
toolchefs_reducer,1.0,fbx:Armature:pose_bone:mixamorig:LeftForeArm:scale,6,0.0
toolchefs_reducer,1.0,fbx:Armature:pose_bone:mixamorig:LeftHand:rotation,40,5.1725
toolchefs_reducer,1.0,fbx:Armature:pose_bone:mixamorig:LeftHand:scale,6,0.0
toolchefs_reducer,1.0,fbx:Armature:pose_bone:mixamorig:LeftLeg:rotation,33,3.436026
toolchefs_reducer,1.0,fbx:Armature:pose_bone:mixamorig:LeftLeg:scale,6,0.0
toolchefs_reducer,1.0,fbx:Armature:pose_bone:mixamorig:LeftShoulder:rotation,31,1.689824
toolchefs_reducer,1.0,fbx:Armature:pose_bone:mixamorig:LeftShoulder:scale,6,0.0
toolchefs_reducer,1.0,fbx:Armature:pose_bone:mixamorig:LeftToeBase:rotation,13,0.939929
toolchefs_reducer,1.0,fbx:Armature:pose_bone:mixamorig:LeftToeBase:scale,6,0.0
toolchefs_reducer,1.0,fbx:Armature:pose_bone:mixamorig:LeftUpLeg:rotation,22,3.1552
toolchefs_reducer,1.0,fbx:Armature:pose_bone:mixamorig:LeftUpLeg:scale,6,0.0
toolchefs_reducer,1.0,fbx:Armature:pose_bone:mixamorig:Neck:rotation,27,3.234665
toolchefs_reducer,1.0,fbx:Armature:pose_bone:mixamorig:Neck:scale,6,0.0
toolchefs_reducer,1.0,fbx:Armature:pose_bone:mixamorig:RightArm:rotation,43,23.406726
toolchefs_reducer,1.0,fbx:Armature:pose_bone:mixamorig:RightArm:scale,6,0.0
toolchefs_reducer,1.0,fbx:Armature:pose_bone:mixamorig:RightFoot:rotation,34,3.282407
toolchefs_reducer,1.0,fbx:Armature:pose_bone:mixamorig:RightFoot:scale,6,0.0
toolchefs_reducer,1.0,fbx:Armature:pose_bone:mixamorig:RightForeArm:rotation,53,42.829896
toolchefs_reducer,1.0,fbx:Armature:pose_bone:mixamorig:RightForeArm:scale,6,0.0
toolchefs_reducer,1.0,fbx:Armature:pose_bone:mixamorig:RightHand:rotation,51,11.394175
toolchefs_reducer,1.0,fbx:Armature:pose_bone:mixamorig:RightHand:scale,6,0.0
toolchefs_reducer,1.0,fbx:Armature:pose_bone:mixamorig:RightLeg:rotation,29,3.871434
toolchefs_reducer,1.0,fbx:Armature:pose_bone:mixamorig:RightLeg:scale,6,0.0
toolchefs_reducer,1.0,fbx:Armature:pose_bone:mixamorig:RightShoulder:rotation,43,6.882269
toolchefs_reducer,1.0,fbx:Armature:pose_bone:mixamorig:RightShoulder:scale,6,0.0
toolchefs_reducer,1.0,fbx:Armature:pose_bone:mixamorig:RightToeBase:rotation,11,1.056859
toolchefs_reducer,1.0,fbx:Armature:pose_bone:mixamorig:RightToeBase:scale,6,0.0
toolchefs_reducer,1.0,fbx:Armature:pose_bone:mixamorig:RightUpLeg:rotation,26,2.852508
toolchefs_reducer,1.0,fbx:Armature:pose_bone:mixamorig:RightUpLeg:scale,6,0.0
toolchefs_reducer,1.0,fbx:Armature:pose_bone:mixamorig:Spine:rotation,30,1.792793
toolchefs_reducer,1.0,fbx:Armature:pose_bone:mixamorig:Spine:scale,6,0.0
toolchefs_reducer,1.0,fbx:Armature:pose_bone:mixamorig:Spine1:rotation,30,1.789977
toolchefs_reducer,1.0,fbx:Armature:pose_bone:mixamorig:Spine1:scale,6,0.0
toolchefs_reducer,1.0,fbx:Armature:pose_bone:mixamorig:Spine2:rotation,14,1.194666
toolchefs_reducer,1.0,fbx:Armature:pose_bone:mixamorig:Spine2:scale,6,0.0
toolchefs_reducer,2.0,fbx:Armature:pose_bone:mixamorig:Head:rotation,24,7.798154
toolchefs_reducer,2.0,fbx:Armature:pose_bone:mixamorig:Head:scale,6,0.0
toolchefs_reducer,2.0,fbx:Armature:pose_bone:mixamorig:Hips:location,15,7.011168
toolchefs_reducer,2.0,fbx:Armature:pose_bone:mixamorig:Hips:rotation,17,2.464345
toolchefs_reducer,2.0,fbx:Armature:pose_bone:mixamorig:Hips:scale,6,0.0
toolchefs_reducer,2.0,fbx:Armature:pose_bone:mixamorig:LeftArm:rotation,27,4.020402
toolchefs_reducer,2.0,fbx:Armature:pose_bone:mixamorig:LeftArm:scale,6,0.0
toolchefs_reducer,2.0,fbx:Armature:pose_bone:mixamorig:LeftFoot:rotation,18,2.601638
toolchefs_reducer,2.0,fbx:Armature:pose_bone:mixamorig:LeftFoot:scale,6,0.0
toolchefs_reducer,2.0,fbx:Armature:pose_bone:mixamorig:LeftForeArm:rotation,22,5.668667
toolchefs_reducer,2.0,fbx:Armature:pose_bone:mixamorig:LeftForeArm:scale,6,0.0
toolchefs_reducer,2.0,fbx:Armature:pose_bone:mixamorig:LeftHand:rotation,23,5.1725
toolchefs_reducer,2.0,fbx:Armature:pose_bone:mixamorig:LeftHand:scale,6,0.0
toolchefs_reducer,2.0,fbx:Armature:pose_bone:mixamorig:LeftLeg:rotation,18,5.111732
toolchefs_reducer,2.0,fbx:Armature:pose_bone:mixamorig:LeftLeg:scale,6,0.0
toolchefs_reducer,2.0,fbx:Armature:pose_bone:mixamorig:LeftShoulder:rotation,14,3.101088
toolchefs_reducer,2.0,fbx:Armature:pose_bone:mixamorig:LeftShoulder:scale,6,0.0
toolchefs_reducer,2.0,fbx:Armature:pose_bone:mixamorig:LeftToeBase:rotation,6,1.42518
toolchefs_reducer,2.0,fbx:Armature:pose_bone:mixamorig:LeftToeBase:scale,6,0.0
toolchefs_reducer,2.0,fbx:Armature:pose_bone:mixamorig:LeftUpLeg:rotation,10,3.1552
toolchefs_reducer,2.0,fbx:Armature:pose_bone:mixamorig:LeftUpLeg:scale,6,0.0
toolchefs_reducer,2.0,fbx:Armature:pose_bone:mixamorig:Neck:rotation,16,6.022788
toolchefs_reducer,2.0,fbx:Armature:pose_bone:mixamorig:Neck:scale,6,0.0
toolchefs_reducer,2.0,fbx:Armature:pose_bone:mixamorig:RightArm:rotation,34,32.714455
toolchefs_reducer,2.0,fbx:Armature:pose_bone:mixamorig:RightArm:scale,6,0.0
toolchefs_reducer,2.0,fbx:Armature:pose_bone:mixamorig:RightFoot:rotation,15,3.956596
toolchefs_reducer,2.0,fbx:Armature:pose_bone:mixamorig:RightFoot:scale,6,0.0
toolchefs_reducer,2.0,fbx:Armature:pose_bone:mixamorig:RightForeArm:rotation,33,42.829896
toolchefs_reducer,2.0,fbx:Armature:pose_bone:mixamorig:RightForeArm:scale,6,0.0
toolchefs_reducer,2.0,fbx:Armature:pose_bone:mixamorig:RightHand:rotation,36,11.454754
toolchefs_reducer,2.0,fbx:Armature:pose_bone:mixamorig:RightHand:scale,6,0.0
toolchefs_reducer,2.0,fbx:Armature:pose_bone:mixamorig:RightLeg:rotation,17,8.413834
toolchefs_reducer,2.0,fbx:Armature:pose_bone:mixamorig:RightLeg:scale,6,0.0
toolchefs_reducer,2.0,fbx:Armature:pose_bone:mixamorig:RightShoulder:rotation,32,6.882269
toolchefs_reducer,2.0,fbx:Armature:pose_bone:mixamorig:RightShoulder:scale,6,0.0
toolchefs_reducer,2.0,fbx:Armature:pose_bone:mixamorig:RightToeBase:rotation,6,1.264114
toolchefs_reducer,2.0,fbx:Armature:pose_bone:mixamorig:RightToeBase:scale,6,0.0
toolchefs_reducer,2.0,fbx:Armature:pose_bone:mixamorig:RightUpLeg:rotation,12,2.906808
toolchefs_reducer,2.0,fbx:Armature:pose_bone:mixamorig:RightUpLeg:scale,6,0.0
toolchefs_reducer,2.0,fbx:Armature:pose_bone:mixamorig:Spine:rotation,19,3.054291
toolchefs_reducer,2.0,fbx:Armature:pose_bone:mixamorig:Spine:scale,6,0.0
toolchefs_reducer,2.0,fbx:Armature:pose_bone:mixamorig:Spine1:rotation,17,3.749363
toolchefs_reducer,2.0,fbx:Armature:pose_bone:mixamorig:Spine1:scale,6,0.0
toolchefs_reducer,2.0,fbx:Armature:pose_bone:mixamorig:Spine2:rotation,8,2.266332
toolchefs_reducer,2.0,fbx:Armature:pose_bone:mixamorig:Spine2:scale,6,0.0
toolchefs_reducer,3.0,fbx:Armature:pose_bone:mixamorig:Head:rotation,22,7.798154
toolchefs_reducer,3.0,fbx:Armature:pose_bone:mixamorig:Head:scale,6,0.0
toolchefs_reducer,3.0,fbx:Armature:pose_bone:mixamorig:Hips:location,9,6.145258
toolchefs_reducer,3.0,fbx:Armature:pose_bone:mixamorig:Hips:rotation,12,4.205023
toolchefs_reducer,3.0,fbx:Armature:pose_bone:mixamorig:Hips:scale,6,0.0
toolchefs_reducer,3.0,fbx:Armature:pose_bone:mixamorig:LeftArm:rotation,23,4.361088
toolchefs_reducer,3.0,fbx:Armature:pose_bone:mixamorig:LeftArm:scale,6,0.0
toolchefs_reducer,3.0,fbx:Armature:pose_bone:mixamorig:LeftFoot:rotation,12,3.716265
toolchefs_reducer,3.0,fbx:Armature:pose_bone:mixamorig:LeftFoot:scale,6,0.0
toolchefs_reducer,3.0,fbx:Armature:pose_bone:mixamorig:LeftForeArm:rotation,19,5.668667
toolchefs_reducer,3.0,fbx:Armature:pose_bone:mixamorig:LeftForeArm:scale,6,0.0
toolchefs_reducer,3.0,fbx:Armature:pose_bone:mixamorig:LeftHand:rotation,16,6.386925
toolchefs_reducer,3.0,fbx:Armature:pose_bone:mixamorig:LeftHand:scale,6,0.0
toolchefs_reducer,3.0,fbx:Armature:pose_bone:mixamorig:LeftLeg:rotation,10,6.369004
toolchefs_reducer,3.0,fbx:Armature:pose_bone:mixamorig:LeftLeg:scale,6,0.0
toolchefs_reducer,3.0,fbx:Armature:pose_bone:mixamorig:LeftShoulder:rotation,8,4.053346
toolchefs_reducer,3.0,fbx:Armature:pose_bone:mixamorig:LeftShoulder:scale,6,0.0
toolchefs_reducer,3.0,fbx:Armature:pose_bone:mixamorig:LeftToeBase:rotation,6,1.42518
toolchefs_reducer,3.0,fbx:Armature:pose_bone:mixamorig:LeftToeBase:scale,6,0.0
toolchefs_reducer,3.0,fbx:Armature:pose_bone:mixamorig:LeftUpLeg:rotation,8,3.1552
toolchefs_reducer,3.0,fbx:Armature:pose_bone:mixamorig:LeftUpLeg:scale,6,0.0
toolchefs_reducer,3.0,fbx:Armature:pose_bone:mixamorig:Neck:rotation,14,6.022788
toolchefs_reducer,3.0,fbx:Armature:pose_bone:mixamorig:Neck:scale,6,0.0
toolchefs_reducer,3.0,fbx:Armature:pose_bone:mixamorig:RightArm:rotation,26,32.714455
toolchefs_reducer,3.0,fbx:Armature:pose_bone:mixamorig:RightArm:scale,6,0.0
toolchefs_reducer,3.0,fbx:Armature:pose_bone:mixamorig:RightFoot:rotation,13,3.956596
toolchefs_reducer,3.0,fbx:Armature:pose_bone:mixamorig:RightFoot:scale,6,0.0
toolchefs_reducer,3.0,fbx:Armature:pose_bone:mixamorig:RightForeArm:rotation,26,42.829896
toolchefs_reducer,3.0,fbx:Armature:pose_bone:mixamorig:RightForeArm:scale,6,0.0
toolchefs_reducer,3.0,fbx:Armature:pose_bone:mixamorig:RightHand:rotation,26,14.652391
toolchefs_reducer,3.0,fbx:Armature:pose_bone:mixamorig:RightHand:scale,6,0.0
toolchefs_reducer,3.0,fbx:Armature:pose_bone:mixamorig:RightLeg:rotation,12,8.413834
toolchefs_reducer,3.0,fbx:Armature:pose_bone:mixamorig:RightLeg:scale,6,0.0
toolchefs_reducer,3.0,fbx:Armature:pose_bone:mixamorig:RightShoulder:rotation,22,14.82063
toolchefs_reducer,3.0,fbx:Armature:pose_bone:mixamorig:RightShoulder:scale,6,0.0
toolchefs_reducer,3.0,fbx:Armature:pose_bone:mixamorig:RightToeBase:rotation,6,1.264114
toolchefs_reducer,3.0,fbx:Armature:pose_bone:mixamorig:RightToeBase:scale,6,0.0
toolchefs_reducer,3.0,fbx:Armature:pose_bone:mixamorig:RightUpLeg:rotation,7,4.927835
toolchefs_reducer,3.0,fbx:Armature:pose_bone:mixamorig:RightUpLeg:scale,6,0.0
toolchefs_reducer,3.0,fbx:Armature:pose_bone:mixamorig:Spine:rotation,11,4.662405
toolchefs_reducer,3.0,fbx:Armature:pose_bone:mixamorig:Spine:scale,6,0.0
toolchefs_reducer,3.0,fbx:Armature:pose_bone:mixamorig:Spine1:rotation,11,3.749363
toolchefs_reducer,3.0,fbx:Armature:pose_bone:mixamorig:Spine1:scale,6,0.0
toolchefs_reducer,3.0,fbx:Armature:pose_bone:mixamorig:Spine2:rotation,7,2.363125
toolchefs_reducer,3.0,fbx:Armature:pose_bone:mixamorig:Spine2:scale,6,0.0
